algorithm,merged_id,merge_size,target_example_id,budget_tokens,runtime_sec,total_chunks,total_cost_tokens,selected_chunks,total_selected_cost,budget_utilization,compression_ratio,total_selected_utility,gold_support_total,gold_support_selected,gold_support_recall,exact_gold_support_coverage
exact_dp,merge_10_0,10,5ae143ed55429920d5234360,2000,0.13481670001056045,390.0,7732.0,163.0,2000.0,1.0,0.2586652871184687,34.71128947907024,9.0,9.0,1.0,1.0
exact_dp,merge_10_0,10,5ae143ed55429920d5234360,4000,0.29578329995274544,390.0,7732.0,261.0,4000.0,1.0,0.5173305742369374,49.486917784490196,9.0,9.0,1.0,1.0
exact_dp,merge_10_0,10,5ae143ed55429920d5234360,8000,0.6572139999479987,390.0,7732.0,389.0,7723.0,0.965375,0.9988360062079669,64.148164467452,9.0,9.0,1.0,1.0
exact_dp,merge_10_1,10,5ae361605542994393b9e69b,2000,0.209890500002075,500.0,10131.0,185.0,2000.0,1.0,0.19741387819563716,50.413131058008666,5.0,5.0,1.0,1.0
exact_dp,merge_10_1,10,5ae361605542994393b9e69b,4000,0.3620534999645315,500.0,10131.0,289.0,4000.0,1.0,0.3948277563912743,73.12183491812527,5.0,5.0,1.0,1.0
exact_dp,merge_10_1,10,5ae361605542994393b9e69b,8000,0.8134615999879315,500.0,10131.0,440.0,8000.0,1.0,0.7896555127825486,102.42517800636766,5.0,5.0,1.0,1.0
exact_dp,merge_10_2,10,5ac19f405542991316484b5b,2000,0.14986750000389293,460.0,8910.0,177.0,2000.0,1.0,0.2244668911335578,49.323888218487745,6.0,6.0,1.0,1.0
exact_dp,merge_10_2,10,5ac19f405542991316484b5b,4000,0.3703760000062175,460.0,8910.0,282.0,4000.0,1.0,0.4489337822671156,70.15409963944893,6.0,6.0,1.0,1.0
exact_dp,merge_10_2,10,5ac19f405542991316484b5b,8000,0.7597450999892317,460.0,8910.0,435.0,7999.0,0.999875,0.8977553310886645,94.79710496769351,6.0,6.0,1.0,1.0
exact_dp,merge_10_3,10,5ae22eae554299495565da30,2000,0.17188590002479032,463.0,7584.0,226.0,2000.0,1.0,0.26371308016877637,58.26441930497159,11.0,11.0,1.0,1.0
exact_dp,merge_10_3,10,5ae22eae554299495565da30,4000,0.332072600023821,463.0,7584.0,326.0,4000.0,1.0,0.5274261603375527,79.194488841073,11.0,11.0,1.0,1.0
exact_dp,merge_10_3,10,5ae22eae554299495565da30,8000,0.7724789999774657,463.0,7584.0,463.0,7584.0,0.948,1.0,97.62994214165673,11.0,11.0,1.0,1.0
exact_dp,merge_10_4,10,5ab90d8955429916710eb0f1,2000,0.14370040001813322,462.0,8737.0,160.0,2000.0,1.0,0.22891152569531875,52.70576000147053,6.0,6.0,1.0,1.0
exact_dp,merge_10_4,10,5ab90d8955429916710eb0f1,4000,0.3338488999870606,462.0,8737.0,268.0,4000.0,1.0,0.4578230513906375,75.24448786924168,6.0,6.0,1.0,1.0
exact_dp,merge_10_4,10,5ab90d8955429916710eb0f1,8000,0.7585518000414595,462.0,8737.0,434.0,8000.0,1.0,0.915646102781275,99.63979571381022,6.0,6.0,1.0,1.0
exact_dp,merge_10_5,10,5a83411655429966c78a6b5d,2000,0.1842663999996148,519.0,9846.0,191.0,2000.0,1.0,0.20312817387771684,56.17153592698405,7.0,6.0,0.8571428571428571,0.0
exact_dp,merge_10_5,10,5a83411655429966c78a6b5d,4000,0.36512249999213964,519.0,9846.0,296.0,4000.0,1.0,0.4062563477554337,81.35143560394079,7.0,7.0,1.0,1.0
exact_dp,merge_10_5,10,5a83411655429966c78a6b5d,8000,0.8216008999734186,519.0,9846.0,459.0,8000.0,1.0,0.8125126955108674,110.88570919678374,7.0,7.0,1.0,1.0
exact_dp,merge_10_6,10,5ab6bf6d55429953192ad372,2000,0.1603465999942273,502.0,10179.0,178.0,2000.0,1.0,0.19648295510364475,40.907411523829886,9.0,9.0,1.0,1.0
exact_dp,merge_10_6,10,5ab6bf6d55429953192ad372,4000,0.33666179998544976,502.0,10179.0,285.0,4000.0,1.0,0.3929659102072895,55.8335979201696,9.0,9.0,1.0,1.0
exact_dp,merge_10_6,10,5ab6bf6d55429953192ad372,8000,0.801396599970758,502.0,10179.0,444.0,8000.0,1.0,0.785931820414579,73.84092882293324,9.0,9.0,1.0,1.0
exact_dp,merge_10_7,10,5abbda84554299642a094b5b,2000,0.18051590002141893,556.0,10143.0,208.0,2000.0,1.0,0.19718032140392389,62.21383211656115,6.0,6.0,1.0,1.0
exact_dp,merge_10_7,10,5abbda84554299642a094b5b,4000,0.41608920000726357,556.0,10143.0,323.0,4000.0,1.0,0.39436064280784777,89.42396172928315,6.0,6.0,1.0,1.0
exact_dp,merge_10_7,10,5abbda84554299642a094b5b,8000,0.8954805000103079,556.0,10143.0,491.0,8000.0,1.0,0.7887212856156955,123.95935753717386,6.0,6.0,1.0,1.0
exact_dp,merge_10_8,10,5a7264ed5542990c210a411a,2000,0.16865720000350848,460.0,8952.0,159.0,2000.0,1.0,0.22341376228775692,48.55323290989894,6.0,4.0,0.6666666666666666,0.0
exact_dp,merge_10_8,10,5a7264ed5542990c210a411a,4000,0.33114770002430305,460.0,8952.0,270.0,4000.0,1.0,0.44682752457551383,73.16104352508091,6.0,5.0,0.8333333333333334,0.0
exact_dp,merge_10_8,10,5a7264ed5542990c210a411a,8000,0.7561903999885544,460.0,8952.0,434.0,8000.0,1.0,0.8936550491510277,101.85425632667199,6.0,6.0,1.0,1.0
exact_dp,merge_10_9,10,5a84995d5542997b5ce3fee4,2000,0.14416020002681762,467.0,9328.0,161.0,2000.0,1.0,0.2144082332761578,43.365892386137936,7.0,7.0,1.0,1.0
exact_dp,merge_10_9,10,5a84995d5542997b5ce3fee4,4000,0.29969850002089515,467.0,9328.0,270.0,4000.0,1.0,0.4288164665523156,61.230386605966196,7.0,7.0,1.0,1.0
exact_dp,merge_10_9,10,5a84995d5542997b5ce3fee4,8000,0.7821722999797203,467.0,9328.0,428.0,8000.0,1.0,0.8576329331046312,82.3249700491887,7.0,7.0,1.0,1.0
exact_dp,merge_10_10,10,5add67705542992ae4cec54f,2000,0.12489829998230562,417.0,8025.0,162.0,2000.0,1.0,0.24922118380062305,62.41651085707513,8.0,7.0,0.875,0.0
exact_dp,merge_10_10,10,5add67705542992ae4cec54f,4000,0.29273380001541227,417.0,8025.0,263.0,4000.0,1.0,0.4984423676012461,86.79684782628567,8.0,8.0,1.0,1.0
exact_dp,merge_10_10,10,5add67705542992ae4cec54f,8000,0.7138933000387624,417.0,8025.0,416.0,7998.0,0.99975,0.9966355140186915,112.23532666563531,8.0,8.0,1.0,1.0
exact_dp,merge_10_11,10,5a7be1ab5542997c3ec972a9,2000,0.1732039999915287,497.0,9332.0,203.0,2000.0,1.0,0.2143163309044149,57.465229498567055,5.0,5.0,1.0,1.0
exact_dp,merge_10_11,10,5a7be1ab5542997c3ec972a9,4000,0.33737560000736266,497.0,9332.0,306.0,4000.0,1.0,0.4286326618088298,81.07785393537692,5.0,5.0,1.0,1.0
exact_dp,merge_10_11,10,5a7be1ab5542997c3ec972a9,8000,0.833621800004039,497.0,9332.0,460.0,7999.0,0.999875,0.8571581654522075,108.8876566139538,5.0,5.0,1.0,1.0
exact_dp,merge_10_12,10,5a7e0ed25542991319bc9424,2000,0.13000050000846386,436.0,8817.0,169.0,2000.0,1.0,0.22683452421458547,43.45292955684239,7.0,7.0,1.0,1.0
exact_dp,merge_10_12,10,5a7e0ed25542991319bc9424,4000,0.3027668999857269,436.0,8817.0,269.0,4000.0,1.0,0.45366904842917094,60.945957057400385,7.0,7.0,1.0,1.0
exact_dp,merge_10_12,10,5a7e0ed25542991319bc9424,8000,0.7476365999900736,436.0,8817.0,412.0,7999.0,0.999875,0.9072246795962345,81.08331818776527,7.0,7.0,1.0,1.0
exact_dp,merge_10_13,10,5a8ce55f554299441c6b9f62,2000,0.19771579996449873,547.0,9121.0,229.0,2000.0,1.0,0.2192742023900888,54.964500427886705,12.0,12.0,1.0,1.0
exact_dp,merge_10_13,10,5a8ce55f554299441c6b9f62,4000,0.4302493999712169,547.0,9121.0,348.0,4000.0,1.0,0.4385484047801776,79.4932203262812,12.0,12.0,1.0,1.0
exact_dp,merge_10_13,10,5a8ce55f554299441c6b9f62,8000,0.9688861999893561,547.0,9121.0,517.0,8000.0,1.0,0.8770968095603552,108.64887150923987,12.0,12.0,1.0,1.0
exact_dp,merge_10_14,10,5a7f567e5542992097ad2f22,2000,0.18205579998902977,447.0,8408.0,163.0,2000.0,1.0,0.23786869647954328,50.11435471333094,10.0,9.0,0.9,0.0
exact_dp,merge_10_14,10,5a7f567e5542992097ad2f22,4000,0.30512229999294505,447.0,8408.0,280.0,4000.0,1.0,0.47573739295908657,69.4757099290603,10.0,10.0,1.0,1.0
exact_dp,merge_10_14,10,5a7f567e5542992097ad2f22,8000,0.7862953000003472,447.0,8408.0,432.0,8000.0,1.0,0.9514747859181731,88.2614304183193,10.0,10.0,1.0,1.0
exact_dp,merge_10_15,10,5ab4428c5542990594ba9bda,2000,0.1789944000192918,456.0,8790.0,178.0,2000.0,1.0,0.22753128555176336,55.19417566450731,11.0,11.0,1.0,1.0
exact_dp,merge_10_15,10,5ab4428c5542990594ba9bda,4000,0.2816830000374466,456.0,8790.0,285.0,4000.0,1.0,0.4550625711035267,77.21079486047861,11.0,11.0,1.0,1.0
exact_dp,merge_10_15,10,5ab4428c5542990594ba9bda,8000,0.6320855999947526,456.0,8790.0,435.0,8000.0,1.0,0.9101251422070534,102.42907114786436,11.0,11.0,1.0,1.0
exact_dp,merge_10_16,10,5a7f57a45542992097ad2f29,2000,0.1385907999938354,387.0,7664.0,159.0,2000.0,1.0,0.2609603340292276,39.92236159656656,6.0,6.0,1.0,1.0
exact_dp,merge_10_16,10,5a7f57a45542992097ad2f29,4000,0.22755750000942498,387.0,7664.0,258.0,4000.0,1.0,0.5219206680584552,56.79955502359772,6.0,6.0,1.0,1.0
exact_dp,merge_10_16,10,5a7f57a45542992097ad2f29,8000,0.6690905999857932,387.0,7664.0,387.0,7664.0,0.958,1.0,74.09462463898647,6.0,6.0,1.0,1.0
exact_dp,merge_10_17,10,5a7b85ac5542997c3ec971ef,2000,0.1462335999822244,396.0,7786.0,173.0,2000.0,1.0,0.25687130747495507,61.14020365625653,5.0,5.0,1.0,1.0
exact_dp,merge_10_17,10,5a7b85ac5542997c3ec971ef,4000,0.32242159999441355,396.0,7786.0,266.0,4000.0,1.0,0.5137426149499101,88.49712009680626,5.0,5.0,1.0,1.0
exact_dp,merge_10_17,10,5a7b85ac5542997c3ec971ef,8000,0.7337159000453539,396.0,7786.0,395.0,7772.0,0.9715,0.9982019008476753,114.52163777628728,5.0,5.0,1.0,1.0
exact_dp,merge_10_18,10,5a864d9e5542994775f6073d,2000,0.17658560001291335,468.0,8938.0,181.0,2000.0,1.0,0.22376370552696354,54.547043440988965,4.0,4.0,1.0,1.0
exact_dp,merge_10_18,10,5a864d9e5542994775f6073d,4000,0.33331210003234446,468.0,8938.0,284.0,4000.0,1.0,0.44752741105392707,78.22774407417388,4.0,4.0,1.0,1.0
exact_dp,merge_10_18,10,5a864d9e5542994775f6073d,8000,0.7854352999711409,468.0,8938.0,440.0,7999.0,0.999875,0.8949429402550906,105.13094574609362,4.0,4.0,1.0,1.0
exact_dp,merge_10_19,10,5ae127c9554299422ee99612,2000,0.17518069996731356,472.0,9032.0,194.0,2000.0,1.0,0.22143489813994685,45.016593272709386,9.0,9.0,1.0,1.0
exact_dp,merge_10_19,10,5ae127c9554299422ee99612,4000,0.4186178999952972,472.0,9032.0,294.0,4000.0,1.0,0.4428697962798937,62.177908885445525,9.0,9.0,1.0,1.0
exact_dp,merge_10_19,10,5ae127c9554299422ee99612,8000,0.8294394999975339,472.0,9032.0,442.0,8000.0,1.0,0.8857395925597874,80.89201949594884,9.0,9.0,1.0,1.0
exact_dp,merge_20_0,20,5ab4f7fc5542991779162d43,2000,0.3430647000204772,958.0,17832.0,253.0,2000.0,1.0,0.11215791834903545,53.14127951267435,9.0,9.0,1.0,1.0
exact_dp,merge_20_0,20,5ab4f7fc5542991779162d43,4000,0.6548164999694563,958.0,17832.0,383.0,4000.0,1.0,0.2243158366980709,74.3293623046395,9.0,9.0,1.0,1.0
exact_dp,merge_20_0,20,5ab4f7fc5542991779162d43,8000,1.4769683000049554,958.0,17832.0,593.0,8000.0,1.0,0.4486316733961418,104.85346480634617,9.0,9.0,1.0,1.0
exact_dp,merge_20_1,20,5ab9ddef5542994dbf019875,2000,0.33616569999139756,1083.0,19572.0,309.0,2000.0,1.0,0.10218679746576742,84.63805482069382,13.0,8.0,0.6153846153846154,0.0
exact_dp,merge_20_1,20,5ab9ddef5542994dbf019875,4000,0.793532999989111,1083.0,19572.0,443.0,4000.0,1.0,0.20437359493153484,119.77213591961,13.0,10.0,0.7692307692307693,0.0
exact_dp,merge_20_1,20,5ab9ddef5542994dbf019875,8000,1.6690674999845214,1083.0,19572.0,659.0,8000.0,1.0,0.4087471898630697,170.25209490634117,13.0,11.0,0.8461538461538461,0.0
exact_dp,merge_20_2,20,5a81a2705542990a1d231e30,2000,0.2815691999858245,905.0,16778.0,262.0,2000.0,1.0,0.11920371915603767,77.08964678313633,12.0,9.0,0.75,0.0
exact_dp,merge_20_2,20,5a81a2705542990a1d231e30,4000,0.5780554999946617,905.0,16778.0,384.0,4000.0,1.0,0.23840743831207534,114.01398063788893,12.0,11.0,0.9166666666666666,0.0
exact_dp,merge_20_2,20,5a81a2705542990a1d231e30,8000,1.461107799957972,905.0,16778.0,597.0,8000.0,1.0,0.4768148766241507,163.43476046823267,12.0,12.0,1.0,1.0
exact_dp,merge_20_3,20,5a8b77705542995d1e6f13aa,2000,0.28756219998467714,827.0,16343.0,234.0,2000.0,1.0,0.12237655265251178,54.575677994733354,7.0,4.0,0.5714285714285714,0.0
exact_dp,merge_20_3,20,5a8b77705542995d1e6f13aa,4000,0.5275020000408404,827.0,16343.0,358.0,4000.0,1.0,0.24475310530502356,77.48784412016589,7.0,6.0,0.8571428571428571,0.0
exact_dp,merge_20_3,20,5a8b77705542995d1e6f13aa,8000,1.2577248000307009,827.0,16343.0,547.0,8000.0,1.0,0.4895062106100471,108.90377871434244,7.0,7.0,1.0,1.0
exact_dp,merge_20_4,20,5ade1c9e55429939a52fe822,2000,0.31939520000014454,865.0,16691.0,230.0,2000.0,1.0,0.11982505541908813,62.59732848710985,6.0,3.0,0.5,0.0
exact_dp,merge_20_4,20,5ade1c9e55429939a52fe822,4000,0.5887931000324897,865.0,16691.0,358.0,4000.0,1.0,0.23965011083817625,92.44176071385544,6.0,6.0,1.0,1.0
exact_dp,merge_20_4,20,5ade1c9e55429939a52fe822,8000,1.329844799998682,865.0,16691.0,557.0,8000.0,1.0,0.4793002216763525,133.10506968867503,6.0,6.0,1.0,1.0
exact_dp,merge_20_5,20,5ae7cea355429952e35ea9c1,2000,0.32340920000569895,988.0,18959.0,257.0,2000.0,1.0,0.10549079592805528,77.70459207904224,5.0,5.0,1.0,1.0
exact_dp,merge_20_5,20,5ae7cea355429952e35ea9c1,4000,0.630622000026051,988.0,18959.0,383.0,4000.0,1.0,0.21098159185611057,113.85578694330054,5.0,5.0,1.0,1.0
exact_dp,merge_20_5,20,5ae7cea355429952e35ea9c1,8000,1.5510180999990553,988.0,18959.0,598.0,8000.0,1.0,0.42196318371222113,166.09607832809513,5.0,5.0,1.0,1.0
exact_dp,merge_20_6,20,5a90b6985542990a984936c2,2000,0.2944673000019975,927.0,17560.0,225.0,2000.0,1.0,0.11389521640091116,58.28734726839948,11.0,7.0,0.6363636363636364,0.0
exact_dp,merge_20_6,20,5a90b6985542990a984936c2,4000,0.580978200014215,927.0,17560.0,347.0,4000.0,1.0,0.22779043280182232,88.89624226948857,11.0,8.0,0.7272727272727273,0.0
exact_dp,merge_20_6,20,5a90b6985542990a984936c2,8000,1.4159211000078358,927.0,17560.0,567.0,8000.0,1.0,0.45558086560364464,130.4271963388456,11.0,11.0,1.0,1.0
exact_dp,merge_20_7,20,5ae520315542993aec5ec152,2000,0.25702580000506714,895.0,17896.0,200.0,2000.0,1.0,0.11175681716584712,57.40765221852825,7.0,6.0,0.8571428571428571,0.0
exact_dp,merge_20_7,20,5ae520315542993aec5ec152,4000,0.49515159998554736,895.0,17896.0,323.0,4000.0,1.0,0.22351363433169424,87.48218186027516,7.0,7.0,1.0,1.0
exact_dp,merge_20_7,20,5ae520315542993aec5ec152,8000,1.3223118999740109,895.0,17896.0,528.0,8000.0,1.0,0.4470272686633885,128.34345669346652,7.0,7.0,1.0,1.0
exact_dp,merge_20_8,20,5ae0d52e554299603e418469,2000,0.29490969999460503,1028.0,18882.0,271.0,2000.0,1.0,0.10592098294672174,77.03165704467035,5.0,4.0,0.8,0.0
exact_dp,merge_20_8,20,5ae0d52e554299603e418469,4000,0.7792789000086486,1028.0,18882.0,403.0,4000.0,1.0,0.21184196589344348,112.00802188905122,5.0,4.0,0.8,0.0
exact_dp,merge_20_8,20,5ae0d52e554299603e418469,8000,1.7732894999790005,1028.0,18882.0,609.0,8000.0,1.0,0.42368393178688696,159.7296808600146,5.0,5.0,1.0,1.0
exact_dp,merge_20_9,20,5ab29c24554299449642c932,2000,0.2035455000004731,863.0,16591.0,218.0,2000.0,1.0,0.12054728467241276,57.461892726137464,2.0,2.0,1.0,1.0
exact_dp,merge_20_9,20,5ab29c24554299449642c932,4000,0.562940800038632,863.0,16591.0,348.0,4000.0,1.0,0.2410945693448255,85.72315029350774,2.0,2.0,1.0,1.0
exact_dp,merge_20_9,20,5ab29c24554299449642c932,8000,1.3282911999849603,863.0,16591.0,553.0,8000.0,1.0,0.482189138689651,124.90597821325325,2.0,2.0,1.0,1.0
exact_dp,merge_20_10,20,5a8f2fed55429918e830d1c7,2000,0.30708310002228245,895.0,16838.0,251.0,2000.0,1.0,0.1187789523696401,72.18680127157724,5.0,1.0,0.2,0.0
exact_dp,merge_20_10,20,5a8f2fed55429918e830d1c7,4000,0.632503499975428,895.0,16838.0,382.0,4000.0,1.0,0.2375579047392802,108.83786486323918,5.0,1.0,0.2,0.0
exact_dp,merge_20_10,20,5a8f2fed55429918e830d1c7,8000,1.426757799985353,895.0,16838.0,589.0,8000.0,1.0,0.4751158094785604,161.66073182732944,5.0,5.0,1.0,1.0
exact_dp,merge_20_11,20,5ab6c47e55429954757d3368,2000,0.341384100029245,1145.0,19931.0,324.0,2000.0,1.0,0.1003461943705785,90.59216855541577,12.0,11.0,0.9166666666666666,0.0
exact_dp,merge_20_11,20,5ab6c47e55429954757d3368,4000,0.7316517999861389,1145.0,19931.0,471.0,4000.0,1.0,0.200692388741157,133.80420041007747,12.0,11.0,0.9166666666666666,0.0
exact_dp,merge_20_11,20,5ab6c47e55429954757d3368,8000,1.8374374999548309,1145.0,19931.0,701.0,8000.0,1.0,0.401384777482314,197.61150210148406,12.0,12.0,1.0,1.0
exact_dp,merge_20_12,20,5ac009bf5542997d642959a7,2000,0.3264558999799192,829.0,16090.0,242.0,2000.0,1.0,0.12430080795525171,60.856740349419596,10.0,9.0,0.9,0.0
exact_dp,merge_20_12,20,5ac009bf5542997d642959a7,4000,0.5806164999958128,829.0,16090.0,365.0,4000.0,1.0,0.24860161591050342,87.42481618594181,10.0,10.0,1.0,1.0
exact_dp,merge_20_12,20,5ac009bf5542997d642959a7,8000,1.2954109000274912,829.0,16090.0,558.0,8000.0,1.0,0.49720323182100684,124.2811209012417,10.0,10.0,1.0,1.0
exact_dp,merge_20_13,20,5ac4f9db55429924173fb532,2000,0.2959481999860145,912.0,17117.0,243.0,2000.0,1.0,0.1168429047146112,68.09661949724311,4.0,4.0,1.0,1.0
exact_dp,merge_20_13,20,5ac4f9db55429924173fb532,4000,0.5940498000127263,912.0,17117.0,383.0,4000.0,1.0,0.2336858094292224,100.8973911487458,4.0,4.0,1.0,1.0
exact_dp,merge_20_13,20,5ac4f9db55429924173fb532,8000,1.484067799989134,912.0,17117.0,594.0,8000.0,1.0,0.4673716188584448,147.19288980509307,4.0,4.0,1.0,1.0
exact_dp,merge_20_14,20,5ae2e61455429928c423953e,2000,0.2718163999961689,903.0,17632.0,226.0,2000.0,1.0,0.11343012704174228,61.805096285495395,9.0,8.0,0.8888888888888888,0.0
exact_dp,merge_20_14,20,5ae2e61455429928c423953e,4000,0.6199789000093006,903.0,17632.0,358.0,4000.0,1.0,0.22686025408348456,92.47032169062318,9.0,9.0,1.0,1.0
exact_dp,merge_20_14,20,5ae2e61455429928c423953e,8000,1.4241411999682896,903.0,17632.0,567.0,8000.0,1.0,0.4537205081669691,134.5829182530251,9.0,9.0,1.0,1.0
exact_dp,merge_20_15,20,5a7153d05542994082a3e7dc,2000,0.283390500000678,964.0,18635.0,244.0,2000.0,1.0,0.10732492621411323,64.74560013234229,4.0,4.0,1.0,1.0
exact_dp,merge_20_15,20,5a7153d05542994082a3e7dc,4000,0.6542895000311546,964.0,18635.0,382.0,4000.0,1.0,0.21464985242822646,94.45748021515266,4.0,4.0,1.0,1.0
exact_dp,merge_20_15,20,5a7153d05542994082a3e7dc,8000,1.5240877000032924,964.0,18635.0,594.0,8000.0,1.0,0.4292997048564529,135.65051220407813,4.0,4.0,1.0,1.0
exact_dp,merge_20_16,20,5a7f66f155429969796c1a33,2000,0.2738789000432007,946.0,17844.0,262.0,2000.0,1.0,0.11208249271463798,75.54051722668474,5.0,5.0,1.0,1.0
exact_dp,merge_20_16,20,5a7f66f155429969796c1a33,4000,0.5886635999777354,946.0,17844.0,396.0,4000.0,1.0,0.22416498542927596,107.20281514946093,5.0,5.0,1.0,1.0
exact_dp,merge_20_16,20,5a7f66f155429969796c1a33,8000,1.5359800000442192,946.0,17844.0,596.0,8000.0,1.0,0.4483299708585519,149.97268846729298,5.0,5.0,1.0,1.0
exact_dp,merge_20_17,20,5a8c92dd554299653c1aa0c4,2000,0.2981923999614082,973.0,18546.0,256.0,2000.0,1.0,0.10783996549121104,72.86103822541669,8.0,4.0,0.5,0.0
exact_dp,merge_20_17,20,5a8c92dd554299653c1aa0c4,4000,0.6880779000348412,973.0,18546.0,384.0,4000.0,1.0,0.21567993098242208,105.51121245748836,8.0,6.0,0.75,0.0
exact_dp,merge_20_17,20,5a8c92dd554299653c1aa0c4,8000,1.5158491999609396,973.0,18546.0,589.0,8000.0,1.0,0.43135986196484416,150.9207558848458,8.0,8.0,1.0,1.0
exact_dp,merge_20_18,20,5ab1dcab5542993be8fa985e,2000,0.26078959996812046,904.0,17593.0,224.0,2000.0,1.0,0.11368157790030126,65.43855195242853,5.0,5.0,1.0,1.0
exact_dp,merge_20_18,20,5ab1dcab5542993be8fa985e,4000,0.586892599996645,904.0,17593.0,354.0,4000.0,1.0,0.2273631558006025,98.26709602857694,5.0,5.0,1.0,1.0
exact_dp,merge_20_18,20,5ab1dcab5542993be8fa985e,8000,1.367992899962701,904.0,17593.0,560.0,8000.0,1.0,0.454726311601205,145.14534941215732,5.0,5.0,1.0,1.0
exact_dp,merge_20_19,20,5ae535bc55429960a22e0260,2000,0.23442390002310276,909.0,17557.0,233.0,2000.0,1.0,0.11391467790624822,55.8137931817932,5.0,3.0,0.6,0.0
exact_dp,merge_20_19,20,5ae535bc55429960a22e0260,4000,0.5126502999919467,909.0,17557.0,352.0,4000.0,1.0,0.22782935581249644,83.25809623011311,5.0,4.0,0.8,0.0
exact_dp,merge_20_19,20,5ae535bc55429960a22e0260,8000,1.3567048000404611,909.0,17557.0,553.0,8000.0,1.0,0.4556587116249929,123.2615249244498,5.0,5.0,1.0,1.0
exact_dp,merge_30_0,30,5ab8494d55429916710eb016,2000,0.4506020999979228,1547.0,27685.0,337.0,2000.0,1.0,0.07224128589488893,88.63235945191597,7.0,5.0,0.7142857142857143,0.0
exact_dp,merge_30_0,30,5ab8494d55429916710eb016,4000,0.9685288000036962,1547.0,27685.0,497.0,4000.0,1.0,0.14448257178977786,132.46490647591952,7.0,7.0,1.0,1.0
exact_dp,merge_30_0,30,5ab8494d55429916710eb016,8000,2.200713399972301,1547.0,27685.0,756.0,8000.0,1.0,0.2889651435795557,195.5392826596267,7.0,7.0,1.0,1.0
exact_dp,merge_30_1,30,5ab7af9d5542993667793fe9,2000,0.3832344000111334,1339.0,24586.0,310.0,2000.0,1.0,0.08134710811030668,91.45892306224333,8.0,4.0,0.5,0.0
exact_dp,merge_30_1,30,5ab7af9d5542993667793fe9,4000,0.8092095000320114,1339.0,24586.0,459.0,4000.0,1.0,0.16269421622061336,132.72836682955526,8.0,4.0,0.5,0.0
exact_dp,merge_30_1,30,5ab7af9d5542993667793fe9,8000,1.9832296000095084,1339.0,24586.0,693.0,8000.0,1.0,0.3253884324412267,192.7692481208247,8.0,6.0,0.75,0.0
exact_dp,merge_30_2,30,5ab56e32554299637185c594,2000,0.4146395000279881,1366.0,27832.0,268.0,2000.0,1.0,0.07185972980741592,65.78755855845202,7.0,6.0,0.8571428571428571,0.0
exact_dp,merge_30_2,30,5ab56e32554299637185c594,4000,0.8381242000032216,1366.0,27832.0,411.0,4000.0,1.0,0.14371945961483185,97.84050028228326,7.0,7.0,1.0,1.0
exact_dp,merge_30_2,30,5ab56e32554299637185c594,8000,2.0103333000442944,1366.0,27832.0,637.0,8000.0,1.0,0.2874389192296637,145.604995848189,7.0,7.0,1.0,1.0
exact_dp,merge_30_3,30,5a72a9145542994cef4bc3c1,2000,0.44365299999481067,1527.0,29064.0,326.0,2000.0,1.0,0.06881365262868153,94.3523974285355,8.0,5.0,0.625,0.0
exact_dp,merge_30_3,30,5a72a9145542994cef4bc3c1,4000,0.890490299963858,1527.0,29064.0,470.0,4000.0,1.0,0.13762730525736305,136.9528639494602,8.0,7.0,0.875,0.0
exact_dp,merge_30_3,30,5a72a9145542994cef4bc3c1,8000,2.053949900029693,1527.0,29064.0,717.0,8000.0,1.0,0.2752546105147261,202.1925088670519,8.0,8.0,1.0,1.0
exact_dp,merge_30_4,30,5ae0db8955429924de1b71a1,2000,0.43001789995469153,1543.0,27478.0,362.0,2000.0,1.0,0.07278550112817526,92.87014637279908,4.0,4.0,1.0,1.0
exact_dp,merge_30_4,30,5ae0db8955429924de1b71a1,4000,0.9409308999893256,1543.0,27478.0,531.0,4000.0,1.0,0.14557100225635053,133.90597666472092,4.0,4.0,1.0,1.0
exact_dp,merge_30_4,30,5ae0db8955429924de1b71a1,8000,2.2392514999955893,1543.0,27478.0,790.0,8000.0,1.0,0.29114200451270106,192.63465386615403,4.0,4.0,1.0,1.0
exact_dp,merge_30_5,30,5ab600fb554299488d4d9a82,2000,0.4112974999588914,1433.0,28169.0,270.0,2000.0,1.0,0.07100003550001775,66.3609969294373,7.0,5.0,0.7142857142857143,0.0
exact_dp,merge_30_5,30,5ab600fb554299488d4d9a82,4000,0.889898199995514,1433.0,28169.0,409.0,4000.0,1.0,0.1420000710000355,98.80816628180679,7.0,6.0,0.8571428571428571,0.0
exact_dp,merge_30_5,30,5ab600fb554299488d4d9a82,8000,2.030408799997531,1433.0,28169.0,640.0,8000.0,1.0,0.284000142000071,147.70216124656503,7.0,7.0,1.0,1.0
exact_dp,merge_30_6,30,5abbcba05542992ccd8e7fa3,2000,0.3900104999775067,1475.0,27166.0,312.0,2000.0,1.0,0.07362143856290952,59.19679341646912,7.0,7.0,1.0,1.0
exact_dp,merge_30_6,30,5abbcba05542992ccd8e7fa3,4000,0.8444237999501638,1475.0,27166.0,472.0,4000.0,1.0,0.14724287712581904,86.69707180392683,7.0,7.0,1.0,1.0
exact_dp,merge_30_6,30,5abbcba05542992ccd8e7fa3,8000,2.0421314000268467,1475.0,27166.0,723.0,8000.0,1.0,0.2944857542516381,125.71764781707348,7.0,7.0,1.0,1.0
exact_dp,merge_30_7,30,5adc0d2955429947ff1738e6,2000,0.4028713000006974,1359.0,25712.0,294.0,2000.0,1.0,0.0777846919726198,89.31331256718096,6.0,2.0,0.3333333333333333,0.0
exact_dp,merge_30_7,30,5adc0d2955429947ff1738e6,4000,0.8133106000022963,1359.0,25712.0,437.0,4000.0,1.0,0.1555693839452396,134.15787494577094,6.0,5.0,0.8333333333333334,0.0
exact_dp,merge_30_7,30,5adc0d2955429947ff1738e6,8000,1.9071201999904588,1359.0,25712.0,669.0,8000.0,1.0,0.3111387678904792,199.49188823610876,6.0,6.0,1.0,1.0
exact_dp,merge_30_8,30,5ac440385542997ea680ca4e,2000,0.40983660001074895,1266.0,24047.0,308.0,2000.0,1.0,0.08317045785337049,76.5955136082035,4.0,3.0,0.75,0.0
exact_dp,merge_30_8,30,5ac440385542997ea680ca4e,4000,0.8163424999802373,1266.0,24047.0,447.0,4000.0,1.0,0.16634091570674098,109.48153805652467,4.0,3.0,0.75,0.0
exact_dp,merge_30_8,30,5ac440385542997ea680ca4e,8000,1.863686400000006,1266.0,24047.0,669.0,8000.0,1.0,0.33268183141348195,157.1582998837199,4.0,3.0,0.75,0.0
exact_dp,merge_30_9,30,5a75377c55429929fddd8514,2000,0.39357879996532574,1415.0,27177.0,292.0,2000.0,1.0,0.07359163998969717,88.20923588377431,5.0,5.0,1.0,1.0
exact_dp,merge_30_9,30,5a75377c55429929fddd8514,4000,0.9384845999884419,1415.0,27177.0,439.0,4000.0,1.0,0.14718327997939434,128.1816083851509,5.0,5.0,1.0,1.0
exact_dp,merge_30_9,30,5a75377c55429929fddd8514,8000,2.0346275999909267,1415.0,27177.0,676.0,8000.0,1.0,0.2943665599587887,186.581318588028,5.0,5.0,1.0,1.0
exact_dp,merge_30_10,30,5abfdc185542994516f45513,2000,0.3914084000280127,1395.0,25818.0,302.0,2000.0,1.0,0.07746533426291735,96.23885306556855,7.0,5.0,0.7142857142857143,0.0
exact_dp,merge_30_10,30,5abfdc185542994516f45513,4000,0.8342445000307634,1395.0,25818.0,457.0,4000.0,1.0,0.1549306685258347,143.61891552102705,7.0,7.0,1.0,1.0
exact_dp,merge_30_10,30,5abfdc185542994516f45513,8000,1.9180008000112139,1395.0,25818.0,691.0,8000.0,1.0,0.3098613370516694,213.20550789529045,7.0,7.0,1.0,1.0
exact_dp,merge_30_11,30,5a8d7f2b554299068b959d0c,2000,0.42563349998090416,1495.0,27992.0,311.0,2000.0,1.0,0.07144898542440697,84.38205710366223,7.0,6.0,0.8571428571428571,0.0
exact_dp,merge_30_11,30,5a8d7f2b554299068b959d0c,4000,0.9052341000060551,1495.0,27992.0,460.0,4000.0,1.0,0.14289797084881395,124.24383319847485,7.0,6.0,0.8571428571428571,0.0
exact_dp,merge_30_11,30,5a8d7f2b554299068b959d0c,8000,2.018971999990754,1495.0,27992.0,706.0,8000.0,1.0,0.2857959416976279,183.43573846587879,7.0,7.0,1.0,1.0
exact_dp,merge_30_12,30,5ae80d25554299540e5a5709,2000,0.45335990004241467,1550.0,28758.0,323.0,2000.0,1.0,0.06954586549829612,113.37707775691295,10.0,8.0,0.8,0.0
exact_dp,merge_30_12,30,5ae80d25554299540e5a5709,4000,0.9299442999763414,1550.0,28758.0,469.0,4000.0,1.0,0.13909173099659225,168.22940321063933,10.0,8.0,0.8,0.0
exact_dp,merge_30_12,30,5ae80d25554299540e5a5709,8000,2.0629358000005595,1550.0,28758.0,712.0,8000.0,1.0,0.2781834619931845,247.5468959160314,10.0,9.0,0.9,0.0
exact_dp,merge_30_13,30,5a7cdd6b55429909bec76858,2000,0.5231590999756008,1422.0,26975.0,306.0,2000.0,1.0,0.07414272474513438,65.2646150920269,11.0,6.0,0.5454545454545454,0.0
exact_dp,merge_30_13,30,5a7cdd6b55429909bec76858,4000,0.8449199000024237,1422.0,26975.0,457.0,4000.0,1.0,0.14828544949026876,96.28888538593061,11.0,10.0,0.9090909090909091,0.0
exact_dp,merge_30_13,30,5a7cdd6b55429909bec76858,8000,2.1584147000103258,1422.0,26975.0,694.0,8000.0,1.0,0.2965708989805375,142.5600232799653,11.0,11.0,1.0,1.0
exact_dp,merge_30_14,30,5ab9df1f554299232ef4a239,2000,0.4273657000157982,1424.0,27540.0,310.0,2000.0,1.0,0.07262164124909223,71.91571796146046,6.0,3.0,0.5,0.0
exact_dp,merge_30_14,30,5ab9df1f554299232ef4a239,4000,0.8523885000031441,1424.0,27540.0,445.0,4000.0,1.0,0.14524328249818447,106.71712206700414,6.0,4.0,0.6666666666666666,0.0
exact_dp,merge_30_14,30,5ab9df1f554299232ef4a239,8000,2.0267801999580115,1424.0,27540.0,674.0,8000.0,1.0,0.29048656499636893,159.688187486169,6.0,5.0,0.8333333333333334,0.0
exact_dp,merge_30_15,30,5a76f22055429972597f13fa,2000,0.4192609000019729,1374.0,25512.0,309.0,2000.0,1.0,0.07839448102853559,84.62071887562321,2.0,1.0,0.5,0.0
exact_dp,merge_30_15,30,5a76f22055429972597f13fa,4000,0.8570352999959141,1374.0,25512.0,455.0,4000.0,1.0,0.15678896205707119,125.59196671106544,2.0,2.0,1.0,1.0
exact_dp,merge_30_15,30,5a76f22055429972597f13fa,8000,1.8768641000497155,1374.0,25512.0,688.0,8000.0,1.0,0.31357792411414237,187.27756161907348,2.0,2.0,1.0,1.0
exact_dp,merge_30_16,30,5a8fa20555429918e830d298,2000,0.4134024000377394,1451.0,27824.0,322.0,2000.0,1.0,0.0718803910293272,104.90264756446464,13.0,5.0,0.38461538461538464,0.0
exact_dp,merge_30_16,30,5a8fa20555429918e830d298,4000,0.9028117000125349,1451.0,27824.0,470.0,4000.0,1.0,0.1437607820586544,153.77390910684355,13.0,8.0,0.6153846153846154,0.0
exact_dp,merge_30_16,30,5a8fa20555429918e830d298,8000,2.116870600031689,1451.0,27824.0,698.0,8000.0,1.0,0.2875215641173088,227.68350809283535,13.0,13.0,1.0,1.0
exact_dp,merge_30_17,30,5a8ced46554299441c6b9f82,2000,0.3295860000071116,1216.0,24093.0,233.0,2000.0,1.0,0.08301166313867098,73.76956686084294,8.0,7.0,0.875,0.0
exact_dp,merge_30_17,30,5a8ced46554299441c6b9f82,4000,0.746861000021454,1216.0,24093.0,375.0,4000.0,1.0,0.16602332627734195,112.8480651067282,8.0,8.0,1.0,1.0
exact_dp,merge_30_17,30,5a8ced46554299441c6b9f82,8000,1.7862497000023723,1216.0,24093.0,605.0,8000.0,1.0,0.3320466525546839,168.67079040369106,8.0,8.0,1.0,1.0
exact_dp,merge_30_18,30,5a7e08b55542997cc2c474fe,2000,0.4230051999911666,1459.0,28494.0,282.0,2000.0,1.0,0.07019021548396154,88.21209620528367,10.0,5.0,0.5,0.0
exact_dp,merge_30_18,30,5a7e08b55542997cc2c474fe,4000,0.862011999997776,1459.0,28494.0,413.0,4000.0,1.0,0.14038043096792308,130.08177729145396,10.0,7.0,0.7,0.0
exact_dp,merge_30_18,30,5a7e08b55542997cc2c474fe,8000,1.9126633999985643,1459.0,28494.0,645.0,8000.0,1.0,0.28076086193584615,189.42519398386867,10.0,9.0,0.9,0.0
exact_dp,merge_30_19,30,5ae13bf1554299422ee99634,2000,0.38716380001278594,1319.0,24380.0,303.0,2000.0,1.0,0.08203445447087777,72.30532603334716,9.0,5.0,0.5555555555555556,0.0
exact_dp,merge_30_19,30,5ae13bf1554299422ee99634,4000,0.8766112000448629,1319.0,24380.0,439.0,4000.0,1.0,0.16406890894175555,109.31054375776526,9.0,8.0,0.8888888888888888,0.0
exact_dp,merge_30_19,30,5ae13bf1554299422ee99634,8000,1.901907499996014,1319.0,24380.0,672.0,8000.0,1.0,0.3281378178835111,163.36962218399353,9.0,9.0,1.0,1.0
exact_dp,merge_40_0,40,5ae60db1554299546bf83041,2000,0.5927823000238277,1884.0,36120.0,360.0,2000.0,1.0,0.05537098560354374,83.05595064240617,9.0,9.0,1.0,1.0
exact_dp,merge_40_0,40,5ae60db1554299546bf83041,4000,1.1665716000134125,1884.0,36120.0,515.0,4000.0,1.0,0.11074197120708748,118.18903902220723,9.0,9.0,1.0,1.0
exact_dp,merge_40_0,40,5ae60db1554299546bf83041,8000,2.6194771000300534,1884.0,36120.0,771.0,8000.0,1.0,0.22148394241417496,170.91967613990707,9.0,9.0,1.0,1.0
exact_dp,merge_40_1,40,5ae6050f55429929b0807a5e,2000,0.5286277999985032,1821.0,35885.0,320.0,2000.0,1.0,0.05573359342343598,83.24721208759881,8.0,4.0,0.5,0.0
exact_dp,merge_40_1,40,5ae6050f55429929b0807a5e,4000,1.0255511999712326,1821.0,35885.0,468.0,4000.0,1.0,0.11146718684687196,125.30369915133568,8.0,7.0,0.875,0.0
exact_dp,merge_40_1,40,5ae6050f55429929b0807a5e,8000,2.3051544999470934,1821.0,35885.0,712.0,8000.0,1.0,0.22293437369374391,190.74330388050112,8.0,8.0,1.0,1.0
exact_dp,merge_40_2,40,5ab6c47e55429954757d3368,2000,0.49180939997313544,1866.0,34853.0,364.0,2000.0,1.0,0.05738386939431326,90.42679742467463,12.0,11.0,0.9166666666666666,0.0
exact_dp,merge_40_2,40,5ab6c47e55429954757d3368,4000,1.1490937000489794,1866.0,34853.0,525.0,4000.0,1.0,0.11476773878862652,134.05322377760675,12.0,11.0,0.9166666666666666,0.0
exact_dp,merge_40_2,40,5ab6c47e55429954757d3368,8000,2.5855482000042684,1866.0,34853.0,781.0,8000.0,1.0,0.22953547757725304,199.40683834063057,12.0,12.0,1.0,1.0
exact_dp,merge_40_3,40,5a7f5c9f55429969796c1a0f,2000,0.5353115000179969,1828.0,34459.0,331.0,2000.0,1.0,0.05803998955280188,69.8141000014562,9.0,6.0,0.6666666666666666,0.0
exact_dp,merge_40_3,40,5a7f5c9f55429969796c1a0f,4000,1.1280902000144124,1828.0,34459.0,493.0,4000.0,1.0,0.11607997910560376,105.65436512211981,9.0,6.0,0.6666666666666666,0.0
exact_dp,merge_40_3,40,5a7f5c9f55429969796c1a0f,8000,2.4208934999769554,1828.0,34459.0,754.0,8000.0,1.0,0.23215995821120752,161.83345541074664,9.0,8.0,0.8888888888888888,0.0
exact_dp,merge_40_4,40,5ae5cf1b554299546bf82f7a,2000,0.5097981999861076,1942.0,36815.0,362.0,2000.0,1.0,0.054325682466385986,134.3218262442901,6.0,3.0,0.5,0.0
exact_dp,merge_40_4,40,5ae5cf1b554299546bf82f7a,4000,1.1252553000231273,1942.0,36815.0,524.0,4000.0,1.0,0.10865136493277197,196.00342242351374,6.0,5.0,0.8333333333333334,0.0
exact_dp,merge_40_4,40,5ae5cf1b554299546bf82f7a,8000,2.611695100029465,1942.0,36815.0,785.0,8000.0,1.0,0.21730272986554394,287.8878924048226,6.0,5.0,0.8333333333333334,0.0
exact_dp,merge_40_5,40,5a81d19b55429926c1cdad90,2000,0.5352497000130825,1892.0,36477.0,347.0,2000.0,1.0,0.05482907037311183,90.84688071307444,8.0,6.0,0.75,0.0
exact_dp,merge_40_5,40,5a81d19b55429926c1cdad90,4000,1.1486979000037536,1892.0,36477.0,523.0,4000.0,1.0,0.10965814074622365,130.57306651228183,8.0,6.0,0.75,0.0
exact_dp,merge_40_5,40,5a81d19b55429926c1cdad90,8000,2.5782045999658294,1892.0,36477.0,789.0,8000.0,1.0,0.2193162814924473,188.94880057707852,8.0,7.0,0.875,0.0
exact_dp,merge_40_6,40,5a860baa554299211dda2a4c,2000,0.5067586000077426,1863.0,34928.0,377.0,2000.0,1.0,0.05726065048098947,119.43644863889041,18.0,5.0,0.2777777777777778,0.0
exact_dp,merge_40_6,40,5a860baa554299211dda2a4c,4000,1.1131364000029862,1863.0,34928.0,533.0,4000.0,1.0,0.11452130096197893,172.08913380192683,18.0,8.0,0.4444444444444444,0.0
exact_dp,merge_40_6,40,5a860baa554299211dda2a4c,8000,2.453710600035265,1863.0,34928.0,802.0,8000.0,1.0,0.22904260192395787,252.55640535304104,18.0,14.0,0.7777777777777778,0.0
exact_dp,merge_40_7,40,5a7dd9445542997cc2c474ac,2000,0.47427950002020225,1719.0,33806.0,287.0,2000.0,1.0,0.05916109566349169,82.89580812948599,4.0,1.0,0.25,0.0
exact_dp,merge_40_7,40,5a7dd9445542997cc2c474ac,4000,1.0404901999863796,1719.0,33806.0,424.0,4000.0,1.0,0.11832219132698338,127.02881180264427,4.0,3.0,0.75,0.0
exact_dp,merge_40_7,40,5a7dd9445542997cc2c474ac,8000,2.305730899970513,1719.0,33806.0,674.0,8000.0,1.0,0.23664438265396676,196.01912116223036,4.0,4.0,1.0,1.0
exact_dp,merge_40_8,40,5a84e4bc5542997b5ce3ff81,2000,0.4966096000280231,1873.0,36366.0,340.0,2000.0,1.0,0.0549964252323599,83.18634708482985,6.0,4.0,0.6666666666666666,0.0
exact_dp,merge_40_8,40,5a84e4bc5542997b5ce3ff81,4000,1.07520649995422,1873.0,36366.0,495.0,4000.0,1.0,0.1099928504647198,122.67904866713066,6.0,5.0,0.8333333333333334,0.0
exact_dp,merge_40_8,40,5a84e4bc5542997b5ce3ff81,8000,2.454686299955938,1873.0,36366.0,748.0,8000.0,1.0,0.2199857009294396,182.02401958517117,6.0,6.0,1.0,1.0
exact_dp,merge_40_9,40,5ab92307554299753720f72d,2000,0.5250787999830209,1903.0,36360.0,344.0,2000.0,1.0,0.05500550055005501,88.56368466518396,4.0,3.0,0.75,0.0
exact_dp,merge_40_9,40,5ab92307554299753720f72d,4000,1.1717084999545477,1903.0,36360.0,506.0,4000.0,1.0,0.11001100110011001,129.0054880411237,4.0,4.0,1.0,1.0
exact_dp,merge_40_9,40,5ab92307554299753720f72d,8000,2.6778641000273637,1903.0,36360.0,766.0,8000.0,1.0,0.22002200220022003,189.6521133052944,4.0,4.0,1.0,1.0
exact_dp,merge_40_10,40,5a74879255429974ef308c1d,2000,0.5302223999751732,1851.0,36838.0,361.0,2000.0,1.0,0.05429176393941039,88.11203786119339,11.0,8.0,0.7272727272727273,0.0
exact_dp,merge_40_10,40,5a74879255429974ef308c1d,4000,1.0531274999957532,1851.0,36838.0,516.0,4000.0,1.0,0.10858352787882078,126.11629461383058,11.0,9.0,0.8181818181818182,0.0
exact_dp,merge_40_10,40,5a74879255429974ef308c1d,8000,2.5090785000356846,1851.0,36838.0,761.0,8000.0,1.0,0.21716705575764156,182.9394432242217,11.0,9.0,0.8181818181818182,0.0
exact_dp,merge_40_11,40,5a8b24f955429949d91db4cd,2000,0.4750345000065863,1751.0,33281.0,309.0,2000.0,1.0,0.0600943481265587,80.87610910366313,12.0,6.0,0.5,0.0
exact_dp,merge_40_11,40,5a8b24f955429949d91db4cd,4000,1.0311359000043012,1751.0,33281.0,458.0,4000.0,1.0,0.1201886962531174,120.30610393940532,12.0,8.0,0.6666666666666666,0.0
exact_dp,merge_40_11,40,5a8b24f955429949d91db4cd,8000,2.4371275000157766,1751.0,33281.0,717.0,8000.0,1.0,0.2403773925062348,178.8964954534173,12.0,10.0,0.8333333333333334,0.0
exact_dp,merge_40_12,40,5a886c0c55429938390d3f51,2000,0.5092329999897629,1868.0,35488.0,351.0,2000.0,1.0,0.0563570784490532,106.94036370112764,11.0,8.0,0.7272727272727273,0.0
exact_dp,merge_40_12,40,5a886c0c55429938390d3f51,4000,1.0906734999734908,1868.0,35488.0,507.0,4000.0,1.0,0.1127141568981064,152.17544259991277,11.0,9.0,0.8181818181818182,0.0
exact_dp,merge_40_12,40,5a886c0c55429938390d3f51,8000,2.470733299967833,1868.0,35488.0,763.0,8000.0,1.0,0.2254283137962128,220.39004131288675,11.0,10.0,0.9090909090909091,0.0
exact_dp,merge_40_13,40,5ab833ad5542990e739ec86f,2000,0.509637399984058,1849.0,35354.0,341.0,2000.0,1.0,0.05657068507099621,86.99487805973068,8.0,7.0,0.875,0.0
exact_dp,merge_40_13,40,5ab833ad5542990e739ec86f,4000,1.2168307999963872,1849.0,35354.0,499.0,4000.0,1.0,0.11314137014199242,125.6014946077502,8.0,8.0,1.0,1.0
exact_dp,merge_40_13,40,5ab833ad5542990e739ec86f,8000,2.538835699961055,1849.0,35354.0,743.0,8000.0,1.0,0.22628274028398485,181.86995395771837,8.0,8.0,1.0,1.0
exact_dp,merge_40_14,40,5ae26cb15542994d89d5b421,2000,0.5721409000107087,2111.0,39859.0,356.0,2000.0,1.0,0.05017687347901352,111.7384922385454,8.0,4.0,0.5,0.0
exact_dp,merge_40_14,40,5ae26cb15542994d89d5b421,4000,1.273274700040929,2111.0,39859.0,525.0,4000.0,1.0,0.10035374695802704,162.50869035045443,8.0,6.0,0.75,0.0
exact_dp,merge_40_14,40,5ae26cb15542994d89d5b421,8000,2.7837829000200145,2111.0,39859.0,797.0,8000.0,1.0,0.20070749391605408,239.46440673880332,8.0,7.0,0.875,0.0
exact_dp,merge_40_15,40,5ac15f6c5542994d76dccdf3,2000,0.513069299980998,1791.0,34527.0,341.0,2000.0,1.0,0.05792568135082689,84.10508573467587,6.0,6.0,1.0,1.0
exact_dp,merge_40_15,40,5ac15f6c5542994d76dccdf3,4000,1.0389007999910973,1791.0,34527.0,498.0,4000.0,1.0,0.11585136270165378,121.09479125016351,6.0,6.0,1.0,1.0
exact_dp,merge_40_15,40,5ac15f6c5542994d76dccdf3,8000,2.483612100011669,1791.0,34527.0,751.0,8000.0,1.0,0.23170272540330755,177.94918903587197,6.0,6.0,1.0,1.0
exact_dp,merge_40_16,40,5a860642554299211dda2a3e,2000,0.5077253000345081,1770.0,34172.0,322.0,2000.0,1.0,0.05852744937375629,100.66924039445216,2.0,1.0,0.5,0.0
exact_dp,merge_40_16,40,5a860642554299211dda2a3e,4000,1.0663992000045255,1770.0,34172.0,479.0,4000.0,1.0,0.11705489874751258,148.97935758783612,2.0,1.0,0.5,0.0
exact_dp,merge_40_16,40,5a860642554299211dda2a3e,8000,2.445923099992797,1770.0,34172.0,726.0,8000.0,1.0,0.23410979749502517,222.48478033794876,2.0,1.0,0.5,0.0
exact_dp,merge_40_17,40,5aba6d0f55429955dce3ee19,2000,0.4566118000075221,1748.0,33548.0,323.0,2000.0,1.0,0.05961607249314415,78.16025123703709,11.0,10.0,0.9090909090909091,0.0
exact_dp,merge_40_17,40,5aba6d0f55429955dce3ee19,4000,0.9865942999604158,1748.0,33548.0,472.0,4000.0,1.0,0.1192321449862883,112.59845421507097,11.0,11.0,1.0,1.0
exact_dp,merge_40_17,40,5aba6d0f55429955dce3ee19,8000,2.467093500017654,1748.0,33548.0,734.0,8000.0,1.0,0.2384642899725766,163.41346010971574,11.0,11.0,1.0,1.0
exact_dp,merge_40_18,40,5ae45cba5542991a06ce9a4a,2000,0.5570517999585718,2004.0,37584.0,377.0,2000.0,1.0,0.05321413367390379,87.3633657023486,8.0,4.0,0.5,0.0
exact_dp,merge_40_18,40,5ae45cba5542991a06ce9a4a,4000,1.2524213999859057,2004.0,37584.0,537.0,4000.0,1.0,0.10642826734780758,129.69447810384128,8.0,5.0,0.625,0.0
exact_dp,merge_40_18,40,5ae45cba5542991a06ce9a4a,8000,2.5820766999968328,2004.0,37584.0,802.0,8000.0,1.0,0.21285653469561516,195.99088677550515,8.0,8.0,1.0,1.0
exact_dp,merge_40_19,40,5a73595055429901807dafd6,2000,0.5235237000160851,1739.0,34124.0,319.0,2000.0,1.0,0.05860977611065526,105.6201157681765,7.0,4.0,0.5714285714285714,0.0
exact_dp,merge_40_19,40,5a73595055429901807dafd6,4000,1.1113974999752827,1739.0,34124.0,470.0,4000.0,1.0,0.11721955222131052,157.9861555938937,7.0,4.0,0.5714285714285714,0.0
exact_dp,merge_40_19,40,5a73595055429901807dafd6,8000,2.4030006999964826,1739.0,34124.0,723.0,8000.0,1.0,0.23443910444262103,237.3775182326159,7.0,6.0,0.8571428571428571,0.0
exact_dp,merge_50_0,50,5abda2b755429933744ab80f,2000,0.7341366999899037,2306.0,44984.0,373.0,2000.0,1.0,0.04446025253423439,102.8181591520161,8.0,2.0,0.25,0.0
exact_dp,merge_50_0,50,5abda2b755429933744ab80f,4000,1.3201846000156365,2306.0,44984.0,531.0,4000.0,1.0,0.08892050506846878,149.3149015434631,8.0,3.0,0.375,0.0
exact_dp,merge_50_0,50,5abda2b755429933744ab80f,8000,3.043895899958443,2306.0,44984.0,790.0,8000.0,1.0,0.17784101013693757,219.9622240885555,8.0,6.0,0.75,0.0
exact_dp,merge_50_1,50,5a8d9f35554299441c6ba018,2000,0.6324299999978393,2501.0,46808.0,387.0,2000.0,1.0,0.04272773884806016,111.44876137075167,3.0,1.0,0.3333333333333333,0.0
exact_dp,merge_50_1,50,5a8d9f35554299441c6ba018,4000,1.4117936000111513,2501.0,46808.0,560.0,4000.0,1.0,0.08545547769612032,167.12784306838472,3.0,1.0,0.3333333333333333,0.0
exact_dp,merge_50_1,50,5a8d9f35554299441c6ba018,8000,3.234543099999428,2501.0,46808.0,845.0,8000.0,1.0,0.17091095539224063,252.93183293760234,3.0,2.0,0.6666666666666666,0.0
exact_dp,merge_50_2,50,5ae635505542992ae0d16282,2000,0.6625504000112414,2339.0,43097.0,413.0,2000.0,1.0,0.046406942478594795,139.3768735273553,3.0,2.0,0.6666666666666666,0.0
exact_dp,merge_50_2,50,5ae635505542992ae0d16282,4000,1.3365705999895,2339.0,43097.0,588.0,4000.0,1.0,0.09281388495718959,202.32797586469948,3.0,3.0,1.0,1.0
exact_dp,merge_50_2,50,5ae635505542992ae0d16282,8000,3.0635718000121415,2339.0,43097.0,871.0,8000.0,1.0,0.18562776991437918,295.8405672677316,3.0,3.0,1.0,1.0
exact_dp,merge_50_3,50,5ae26af3554299492dc91c1c,2000,0.6031703000189736,2466.0,44621.0,442.0,2000.0,1.0,0.04482194482418592,103.16142461283991,9.0,5.0,0.5555555555555556,0.0
exact_dp,merge_50_3,50,5ae26af3554299492dc91c1c,4000,1.3957305999938399,2466.0,44621.0,620.0,4000.0,1.0,0.08964388964837185,147.25503001951728,9.0,7.0,0.7777777777777778,0.0
exact_dp,merge_50_3,50,5ae26af3554299492dc91c1c,8000,3.3236673999927007,2466.0,44621.0,897.0,8000.0,1.0,0.1792877792967437,211.77897087724446,9.0,9.0,1.0,1.0
exact_dp,merge_50_4,50,5ab82d345542990e739ec854,2000,0.6324958000332117,2367.0,44485.0,398.0,2000.0,1.0,0.044958974935371473,118.28242203438747,9.0,4.0,0.4444444444444444,0.0
exact_dp,merge_50_4,50,5ab82d345542990e739ec854,4000,1.3657748000114225,2367.0,44485.0,575.0,4000.0,1.0,0.08991794987074295,170.06601538955033,9.0,4.0,0.4444444444444444,0.0
exact_dp,merge_50_4,50,5ab82d345542990e739ec854,8000,3.0465038000256754,2367.0,44485.0,846.0,8000.0,1.0,0.1798358997414859,249.2964003056101,9.0,6.0,0.6666666666666666,0.0
exact_dp,merge_50_5,50,5add3aaa5542992ae4cec500,2000,0.6453997999778949,2399.0,43627.0,409.0,2000.0,1.0,0.045843170513672725,96.94179252220373,5.0,3.0,0.6,0.0
exact_dp,merge_50_5,50,5add3aaa5542992ae4cec500,4000,1.3856451999745332,2399.0,43627.0,588.0,4000.0,1.0,0.09168634102734545,141.1082430522813,5.0,3.0,0.6,0.0
exact_dp,merge_50_5,50,5add3aaa5542992ae4cec500,8000,3.1632242999621667,2399.0,43627.0,870.0,8000.0,1.0,0.1833726820546909,206.29454951362803,5.0,4.0,0.8,0.0
exact_dp,merge_50_6,50,5a808f3f5542992097ad2ffd,2000,0.6972837999928743,2603.0,49287.0,401.0,2000.0,1.0,0.04057865157140828,118.64203877790136,8.0,4.0,0.5,0.0
exact_dp,merge_50_6,50,5a808f3f5542992097ad2ffd,4000,1.3303479999885894,2603.0,49287.0,577.0,4000.0,1.0,0.08115730314281656,174.31698500134786,8.0,7.0,0.875,0.0
exact_dp,merge_50_6,50,5a808f3f5542992097ad2ffd,8000,3.12353099999018,2603.0,49287.0,878.0,8000.0,1.0,0.16231460628563313,260.65095749152385,8.0,7.0,0.875,0.0
exact_dp,merge_50_7,50,5ae64b015542992ae0d162bc,2000,0.6484258999698795,2402.0,46612.0,394.0,2000.0,1.0,0.04290740581824423,99.38198896374372,6.0,4.0,0.6666666666666666,0.0
exact_dp,merge_50_7,50,5ae64b015542992ae0d162bc,4000,1.3271434999769554,2402.0,46612.0,565.0,4000.0,1.0,0.08581481163648846,145.52657329229868,6.0,5.0,0.8333333333333334,0.0
exact_dp,merge_50_7,50,5ae64b015542992ae0d162bc,8000,3.0928957000141963,2402.0,46612.0,839.0,8000.0,1.0,0.17162962327297693,216.23218477229796,6.0,5.0,0.8333333333333334,0.0
exact_dp,merge_50_8,50,5ae5a4e5554299546bf82f01,2000,0.627184999990277,2249.0,42048.0,380.0,2000.0,1.0,0.04756468797564688,113.97161299146508,5.0,3.0,0.6,0.0
exact_dp,merge_50_8,50,5ae5a4e5554299546bf82f01,4000,1.273152099980507,2249.0,42048.0,548.0,4000.0,1.0,0.09512937595129375,170.25243505442623,5.0,3.0,0.6,0.0
exact_dp,merge_50_8,50,5ae5a4e5554299546bf82f01,8000,3.029880599991884,2249.0,42048.0,824.0,8000.0,1.0,0.1902587519025875,258.4659671026932,5.0,4.0,0.8,0.0
exact_dp,merge_50_9,50,5a8dee2455429917b4a5bce1,2000,0.6903749000048265,2337.0,45754.0,347.0,2000.0,1.0,0.0437120251781265,103.1226305641829,6.0,2.0,0.3333333333333333,0.0
exact_dp,merge_50_9,50,5a8dee2455429917b4a5bce1,4000,1.484167599992361,2337.0,45754.0,511.0,4000.0,1.0,0.087424050356253,154.61427402672976,6.0,2.0,0.3333333333333333,0.0
exact_dp,merge_50_9,50,5a8dee2455429917b4a5bce1,8000,3.2258382000145502,2337.0,45754.0,773.0,8000.0,1.0,0.174848100712506,233.28305286711478,6.0,4.0,0.6666666666666666,0.0
exact_dp,merge_50_10,50,5ab27389554299722f9b4d2f,2000,0.6150225999881513,2369.0,43602.0,442.0,2000.0,1.0,0.04586945552956286,121.79315486605921,8.0,5.0,0.625,0.0
exact_dp,merge_50_10,50,5ab27389554299722f9b4d2f,4000,1.480773199989926,2369.0,43602.0,612.0,4000.0,1.0,0.09173891105912572,169.61420378579368,8.0,5.0,0.625,0.0
exact_dp,merge_50_10,50,5ab27389554299722f9b4d2f,8000,3.0975380000309087,2369.0,43602.0,896.0,8000.0,1.0,0.18347782211825145,240.83669722831587,8.0,6.0,0.75,0.0
exact_dp,merge_50_11,50,5a89d26b5542992e4fca83d1,2000,0.7241784000070766,2380.0,44989.0,389.0,2000.0,1.0,0.04445531129831737,113.21141244651108,10.0,6.0,0.6,0.0
exact_dp,merge_50_11,50,5a89d26b5542992e4fca83d1,4000,1.3679431999917142,2380.0,44989.0,563.0,4000.0,1.0,0.08891062259663474,165.69167554008317,10.0,7.0,0.7,0.0
exact_dp,merge_50_11,50,5a89d26b5542992e4fca83d1,8000,3.149984499963466,2380.0,44989.0,857.0,8000.0,1.0,0.17782124519326947,247.76175434486925,10.0,10.0,1.0,1.0
exact_dp,merge_50_12,50,5a84c4b05542991dd0999deb,2000,0.645468799979426,2442.0,45019.0,357.0,2000.0,1.0,0.04442568693218419,101.61171214431319,5.0,4.0,0.8,0.0
exact_dp,merge_50_12,50,5a84c4b05542991dd0999deb,4000,1.3619802000466734,2442.0,45019.0,543.0,4000.0,1.0,0.08885137386436838,147.9053744994584,5.0,5.0,1.0,1.0
exact_dp,merge_50_12,50,5a84c4b05542991dd0999deb,8000,2.9844239000231028,2442.0,45019.0,823.0,8000.0,1.0,0.17770274772873676,217.29485348049295,5.0,5.0,1.0,1.0
exact_dp,merge_50_13,50,5a861c0d5542994775f606f7,2000,0.6428971000132151,2399.0,45787.0,425.0,2000.0,1.0,0.04368052067180641,125.65341347378128,8.0,3.0,0.375,0.0
exact_dp,merge_50_13,50,5a861c0d5542994775f606f7,4000,1.431634499982465,2399.0,45787.0,600.0,4000.0,1.0,0.08736104134361282,181.1675188162975,8.0,4.0,0.5,0.0
exact_dp,merge_50_13,50,5a861c0d5542994775f606f7,8000,3.061083199980203,2399.0,45787.0,871.0,8000.0,1.0,0.17472208268722564,266.15508151842903,8.0,8.0,1.0,1.0
exact_dp,merge_50_14,50,5a8ba45b554299240d9c2051,2000,0.6238038000301458,2250.0,43048.0,377.0,2000.0,1.0,0.04645976584278015,103.81999869308757,7.0,7.0,1.0,1.0
exact_dp,merge_50_14,50,5a8ba45b554299240d9c2051,4000,1.2995094999787398,2250.0,43048.0,548.0,4000.0,1.0,0.0929195316855603,148.49494287911938,7.0,7.0,1.0,1.0
exact_dp,merge_50_14,50,5a8ba45b554299240d9c2051,8000,2.9236341000068933,2250.0,43048.0,825.0,8000.0,1.0,0.1858390633711206,216.32519655624318,7.0,7.0,1.0,1.0
exact_dp,merge_50_15,50,5abc6c2655429959677d6aac,2000,0.643445800000336,2390.0,44609.0,385.0,2000.0,1.0,0.0448340021071981,93.29979659016848,10.0,7.0,0.7,0.0
exact_dp,merge_50_15,50,5abc6c2655429959677d6aac,4000,1.3274328999686986,2390.0,44609.0,554.0,4000.0,1.0,0.0896680042143962,136.7890725512998,10.0,10.0,1.0,1.0
exact_dp,merge_50_15,50,5abc6c2655429959677d6aac,8000,3.118752999987919,2390.0,44609.0,851.0,8000.0,1.0,0.1793360084287924,202.1982034643089,10.0,10.0,1.0,1.0
exact_dp,merge_50_16,50,5a81e8ea5542995ce29dcc73,2000,0.6036005999776535,2300.0,43834.0,362.0,2000.0,1.0,0.045626682483916596,102.62447422591431,7.0,4.0,0.5714285714285714,0.0
exact_dp,merge_50_16,50,5a81e8ea5542995ce29dcc73,4000,1.3618437999975868,2300.0,43834.0,526.0,4000.0,1.0,0.09125336496783319,152.90326316361345,7.0,4.0,0.5714285714285714,0.0
exact_dp,merge_50_16,50,5a81e8ea5542995ce29dcc73,8000,2.9743631000164896,2300.0,43834.0,789.0,8000.0,1.0,0.18250672993566638,230.93974645741585,7.0,6.0,0.8571428571428571,0.0
exact_dp,merge_50_17,50,5ac43530554299204fd21f0a,2000,0.610681599995587,2427.0,46970.0,405.0,2000.0,1.0,0.04258037044922291,97.50523351194317,6.0,3.0,0.5,0.0
exact_dp,merge_50_17,50,5ac43530554299204fd21f0a,4000,1.5201529000187293,2427.0,46970.0,572.0,4000.0,1.0,0.08516074089844582,144.04497153578646,6.0,3.0,0.5,0.0
exact_dp,merge_50_17,50,5ac43530554299204fd21f0a,8000,3.2800123000051826,2427.0,46970.0,845.0,8000.0,1.0,0.17032148179689163,215.62252137335508,6.0,6.0,1.0,1.0
exact_dp,merge_50_18,50,5a8db348554299068b959dc2,2000,0.6159209000179544,2337.0,43344.0,464.0,2000.0,1.0,0.04614248800295312,127.0871430752493,5.0,4.0,0.8,0.0
exact_dp,merge_50_18,50,5a8db348554299068b959dc2,4000,0.9159421999938786,2337.0,43344.0,639.0,4000.0,1.0,0.09228497600590624,185.77054447504065,5.0,5.0,1.0,1.0
exact_dp,merge_50_18,50,5a8db348554299068b959dc2,8000,2.066262500011362,2337.0,43344.0,915.0,8000.0,1.0,0.18456995201181248,271.2863917792628,5.0,5.0,1.0,1.0
exact_dp,merge_50_19,50,5a7cd280554299452d57ba7f,2000,0.4210582999512553,2389.0,43331.0,441.0,2000.0,1.0,0.046156331494772794,152.279338848601,5.0,2.0,0.4,0.0
exact_dp,merge_50_19,50,5a7cd280554299452d57ba7f,4000,0.9208142000134103,2389.0,43331.0,620.0,4000.0,1.0,0.09231266298954559,221.0291649631127,5.0,4.0,0.8,0.0
exact_dp,merge_50_19,50,5a7cd280554299452d57ba7f,8000,2.0775002000154927,2389.0,43331.0,896.0,8000.0,1.0,0.18462532597909118,324.1238248512755,5.0,5.0,1.0,1.0
